Year,Personal Income (millions),Population,Per capita income (dollars),State,State_Code
2000,108355.1,4452173.0,24338.0,Alabama,AL
2001,112154.9,4467634.0,25104.0,Alabama,AL
2002,115191.8,4480089.0,25712.0,Alabama,AL
2003,120211.1,4503491.0,26693.0,Alabama,AL
2004,128739.9,4530729.0,28415.0,Alabama,AL
2005,136327.3,4569805.0,29832.0,Alabama,AL
2006,145175.8,4628981.0,31362.0,Alabama,AL
2007,152327.0,4672840.0,32598.0,Alabama,AL
2008,157366.8,4718206.0,33353.0,Alabama,AL
2009,155145.3,4757938.0,32608.0,Alabama,AL
2010,161516.6,4785448.0,33752.0,Alabama,AL
2011,167942.8,4798834.0,34997.0,Alabama,AL
2012,172804.1,4815564.0,35884.0,Alabama,AL
2013,174415.5,4830460.0,36107.0,Alabama,AL
2014,180457.8,4842481.0,37266.0,Alabama,AL
2015,187544.4,4853160.0,38644.0,Alabama,AL
2016,190814.7,4864745.0,39224.0,Alabama,AL
2000,135387.5,5160586.0,26235.0,Arizona,AZ
2001,141344.5,5273477.0,26803.0,Arizona,AZ
2002,146505.2,5396255.0,27149.0,Arizona,AZ
2003,155175.0,5510364.0,28161.0,Arizona,AZ
2004,169638.7,5652404.0,30012.0,Arizona,AZ
2005,188136.5,5839077.0,32220.0,Arizona,AZ
2006,209127.0,6029141.0,34686.0,Arizona,AZ
2007,220735.9,6167681.0,35789.0,Arizona,AZ
2008,223345.8,6280362.0,35563.0,Arizona,AZ
2009,211975.3,6343154.0,33418.0,Arizona,AZ
2010,215523.6,6407774.0,33635.0,Arizona,AZ
2011,226365.3,6473497.0,34968.0,Arizona,AZ
2012,236846.1,6556629.0,36123.0,Arizona,AZ
2013,242855.6,6634999.0,36602.0,Arizona,AZ
2014,257410.0,6733840.0,38226.0,Arizona,AZ
2015,271132.8,6833596.0,39676.0,Arizona,AZ
2016,282477.6,6945452.0,40671.0,Arizona,AZ
2000,60969.9,2678588.0,22762.0,Arkansas,AR
2001,64168.1,2691571.0,23840.0,Arkansas,AR
2002,65661.6,2705927.0,24266.0,Arkansas,AR
2003,69547.4,2724816.0,25524.0,Arkansas,AR
2004,74033.0,2749686.0,26924.0,Arkansas,AR
2005,78000.3,2781097.0,28047.0,Arkansas,AR
2006,83068.2,2821761.0,29438.0,Arkansas,AR
2007,88508.3,2848650.0,31070.0,Arkansas,AR
2008,91812.1,2874554.0,31940.0,Arkansas,AR
2009,90246.0,2896843.0,31153.0,Arkansas,AR
2010,93290.5,2921978.0,31927.0,Arkansas,AR
2011,99571.5,2940407.0,33863.0,Arkansas,AR
2012,106984.7,2952109.0,36240.0,Arkansas,AR
2013,107240.7,2959549.0,36235.0,Arkansas,AR
2014,113545.5,2967726.0,38260.0,Arkansas,AR
2015,117180.6,2978407.0,39343.0,Arkansas,AR
2016,120059.5,2990410.0,40148.0,Arkansas,AR
2000,1133965.4,33987977.0,33364.0,California,CA
2001,1173768.8,34479458.0,34043.0,California,CA
2002,1193118.0,34871843.0,34214.0,California,CA
2003,1248506.5,35253159.0,35415.0,California,CA
2004,1329404.0,35574576.0,37369.0,California,CA
2005,1407285.5,35827943.0,39279.0,California,CA
2006,1516057.5,36021202.0,42088.0,California,CA
2007,1581573.3,36250311.0,43629.0,California,CA
2008,1606579.9,36604337.0,43890.0,California,CA
2009,1554013.3,36961229.0,42044.0,California,CA
2010,1628457.6,37320903.0,43634.0,California,CA
2011,1737940.0,37641823.0,46170.0,California,CA
2012,1852397.5,37960782.0,48798.0,California,CA
2013,1886379.1,38280824.0,49277.0,California,CA
2014,2021038.5,38625139.0,52324.0,California,CA
2015,2171947.4,38953142.0,55758.0,California,CA
2016,2263889.8,39209127.0,57739.0,California,CA
2000,147924.9,4326921.0,34187.0,Colorado,CO
2001,154999.8,4425687.0,35023.0,Colorado,CO
2002,155404.1,4490406.0,34608.0,Colorado,CO
2003,158210.9,4528732.0,34935.0,Colorado,CO
2004,164106.0,4575013.0,35870.0,Colorado,CO
2005,175273.0,4631888.0,37841.0,Colorado,CO
2006,189475.6,4720423.0,40140.0,Colorado,CO
2007,201875.5,4803868.0,42024.0,Colorado,CO
2008,208738.0,4889730.0,42689.0,Colorado,CO
2009,198800.2,4972195.0,39982.0,Colorado,CO
2010,205372.4,5048281.0,40682.0,Colorado,CO
2011,223153.2,5121771.0,43570.0,Colorado,CO
2012,237141.5,5193721.0,45659.0,Colorado,CO
2013,249281.6,5270482.0,47298.0,Colorado,CO
2014,271307.5,5351218.0,50700.0,Colorado,CO
2015,284233.9,5452107.0,52133.0,Colorado,CO
2016,289580.6,5540921.0,52262.0,Colorado,CO
2000,147054.8,3411777.0,43102.0,Connecticut,CT
2001,155243.1,3432835.0,45223.0,Connecticut,CT
2002,155347.9,3458749.0,44914.0,Connecticut,CT
2003,157679.4,3484336.0,45254.0,Connecticut,CT
2004,166262.0,3496094.0,47557.0,Connecticut,CT
2005,175470.6,3506956.0,50035.0,Connecticut,CT
2006,189750.4,3517460.0,53945.0,Connecticut,CT
2007,204090.2,3527270.0,57861.0,Connecticut,CT
2008,216865.3,3545579.0,61165.0,Connecticut,CT
2009,213612.1,3561807.0,59973.0,Connecticut,CT
2010,222226.0,3579125.0,62089.0,Connecticut,CT
2011,228929.4,3588023.0,63804.0,Connecticut,CT
2012,233337.8,3594395.0,64917.0,Connecticut,CT
2013,228470.9,3594915.0,63554.0,Connecticut,CT
2014,238999.1,3594783.0,66485.0,Connecticut,CT
2015,244982.3,3587509.0,68288.0,Connecticut,CT
2016,249580.9,3578674.0,69741.0,Connecticut,CT
2000,26663.8,786373.0,33907.0,Delaware,DE
2001,29402.4,795699.0,36952.0,Delaware,DE
2002,30386.8,806169.0,37693.0,Delaware,DE
2003,31094.6,818003.0,38013.0,Delaware,DE
2004,32376.7,830803.0,38970.0,Delaware,DE
2005,33303.1,845150.0,39405.0,Delaware,DE
2006,35265.5,859268.0,41041.0,Delaware,DE
2007,36340.6,871749.0,41687.0,Delaware,DE
2008,35993.2,883874.0,40722.0,Delaware,DE
2009,36284.2,891730.0,40690.0,Delaware,DE
2010,36725.7,899595.0,40825.0,Delaware,DE
2011,39825.6,907316.0,43894.0,Delaware,DE
2012,40338.4,915188.0,44077.0,Delaware,DE
2013,40949.4,923638.0,44335.0,Delaware,DE
2014,42888.3,932596.0,45988.0,Delaware,DE
2015,45150.7,941413.0,47961.0,Delaware,DE
2016,46042.1,949216.0,48505.0,Delaware,DE
2000,24794.5,572046.0,43344.0,District of Columbia,DC
2001,25677.5,574504.0,44695.0,District of Columbia,DC
2002,25869.8,573158.0,45136.0,District of Columbia,DC
2003,26177.8,568502.0,46047.0,District of Columbia,DC
2004,28501.7,567754.0,50201.0,District of Columbia,DC
2005,30163.9,567136.0,53186.0,District of Columbia,DC
2006,32001.1,570681.0,56075.0,District of Columbia,DC
2007,34480.2,574404.0,60028.0,District of Columbia,DC
2008,35462.3,580236.0,61117.0,District of Columbia,DC
2009,35798.8,592228.0,60448.0,District of Columbia,DC
2010,38481.5,605085.0,63597.0,District of Columbia,DC
2011,41786.3,619602.0,67441.0,District of Columbia,DC
2012,43426.9,634725.0,68418.0,District of Columbia,DC
2013,44189.3,650431.0,67939.0,District of Columbia,DC
2014,47259.9,662513.0,71334.0,District of Columbia,DC
2015,50940.5,675254.0,75439.0,District of Columbia,DC
2016,53192.4,686575.0,77475.0,District of Columbia,DC
2000,472238.6,16047515.0,29428.0,Florida,FL
2001,496337.2,16356966.0,30344.0,Florida,FL
2002,512812.5,16689370.0,30727.0,Florida,FL
2003,539102.8,17004085.0,31704.0,Florida,FL
2004,586785.0,17415318.0,33694.0,Florida,FL
2005,642506.7,17842038.0,36011.0,Florida,FL
2006,698476.0,18166990.0,38448.0,Florida,FL
2007,727404.7,18367842.0,39602.0,Florida,FL
2008,727138.5,18527305.0,39247.0,Florida,FL
2009,682891.7,18652644.0,36611.0,Florida,FL
2010,725074.0,18845785.0,38474.0,Florida,FL
2011,764633.7,19093352.0,40047.0,Florida,FL
2012,793428.8,19326230.0,41055.0,Florida,FL
2013,795424.9,19563166.0,40659.0,Florida,FL
2014,856161.7,19860330.0,43109.0,Florida,FL
2015,915895.5,20224249.0,45287.0,Florida,FL
2016,942461.2,20629982.0,45684.0,Florida,FL
2000,237444.9,8227303.0,28861.0,Georgia,GA
2001,249221.1,8377038.0,29751.0,Georgia,GA
2002,256188.8,8508256.0,30111.0,Georgia,GA
2003,265611.9,8622793.0,30803.0,Georgia,GA
2004,280262.0,8769252.0,31960.0,Georgia,GA
2005,297505.6,8925922.0,33331.0,Georgia,GA
2006,317584.3,9155813.0,34687.0,Georgia,GA
2007,332135.8,9349988.0,35523.0,Georgia,GA
2008,334334.5,9504843.0,35175.0,Georgia,GA
2009,327516.3,9620846.0,34042.0,Georgia,GA
2010,335268.4,9711810.0,34522.0,Georgia,GA
2011,358538.6,9801578.0,36580.0,Georgia,GA
2012,368868.1,9901496.0,37254.0,Georgia,GA
2013,374489.1,9973326.0,37549.0,Georgia,GA
2014,400696.1,10069001.0,39795.0,Georgia,GA
2015,424356.3,10181111.0,41681.0,Georgia,GA
2016,439943.0,10304763.0,42693.0,Georgia,GA
2000,32791.1,1299430.0,25235.0,Idaho,ID
2001,34062.2,1319962.0,25805.0,Idaho,ID
2002,35180.4,1340372.0,26247.0,Idaho,ID
2003,36402.6,1363380.0,26700.0,Idaho,ID
2004,39244.7,1391802.0,28197.0,Idaho,ID
2005,41843.2,1428241.0,29297.0,Idaho,ID
2006,46161.3,1468669.0,31431.0,Idaho,ID
2007,49123.0,1505105.0,32638.0,Idaho,ID
2008,50205.4,1534320.0,32722.0,Idaho,ID
2009,48477.0,1554439.0,31186.0,Idaho,ID
2010,50196.6,1570773.0,31957.0,Idaho,ID
2011,53082.6,1583828.0,33515.0,Idaho,ID
2012,56139.8,1595441.0,35188.0,Idaho,ID
2013,58338.0,1611530.0,36200.0,Idaho,ID
2014,61827.1,1631479.0,37896.0,Idaho,ID
2015,65825.2,1651523.0,39857.0,Idaho,ID
2016,68444.5,1682930.0,40670.0,Idaho,ID
2000,412423.1,12434161.0,33169.0,Illinois,IL
2001,427473.3,12488445.0,34230.0,Illinois,IL
2002,432412.0,12525556.0,34522.0,Illinois,IL
2003,439954.7,12556006.0,35039.0,Illinois,IL
2004,457435.4,12589773.0,36334.0,Illinois,IL
2005,476560.1,12609903.0,37793.0,Illinois,IL
2006,508470.3,12643955.0,40214.0,Illinois,IL
2007,538060.1,12695866.0,42381.0,Illinois,IL
2008,551531.0,12747038.0,43267.0,Illinois,IL
2009,525210.7,12796778.0,41042.0,Illinois,IL
2010,540492.6,12840762.0,42092.0,Illinois,IL
2011,567967.5,12867291.0,44140.0,Illinois,IL
2012,593239.1,12884119.0,46044.0,Illinois,IL
2013,607670.8,12898269.0,47113.0,Illinois,IL
2014,637279.3,12888962.0,49444.0,Illinois,IL
2015,662760.8,12864342.0,51519.0,Illinois,IL
2016,670504.2,12826895.0,52273.0,Illinois,IL
2000,171989.7,6091866.0,28233.0,Indiana,IN
2001,175850.8,6127760.0,28697.0,Indiana,IN
2002,178418.2,6155967.0,28983.0,Indiana,IN
2003,182652.3,6196638.0,29476.0,Indiana,IN
2004,191298.3,6233007.0,30691.0,Indiana,IN
2005,197696.8,6278616.0,31487.0,Indiana,IN
2006,209427.5,6332669.0,33071.0,Indiana,IN
2007,216814.3,6379599.0,33986.0,Indiana,IN
2008,226332.7,6424806.0,35228.0,Indiana,IN
2009,220274.8,6459325.0,34102.0,Indiana,IN
2010,230109.2,6490436.0,35454.0,Indiana,IN
2011,245346.4,6516045.0,37653.0,Indiana,IN
2012,257149.5,6537640.0,39334.0,Indiana,IN
2013,260424.7,6568367.0,39648.0,Indiana,IN
2014,270986.1,6593533.0,41099.0,Indiana,IN
2015,281691.6,6608296.0,42627.0,Indiana,IN
2016,290147.8,6633344.0,43741.0,Indiana,IN
2000,80442.4,2929067.0,27463.0,Iowa,IA
2001,82725.1,2931997.0,28215.0,Iowa,IA
2002,84646.8,2934234.0,28848.0,Iowa,IA
2003,86452.0,2941999.0,29385.0,Iowa,IA
2004,93511.3,2953635.0,31660.0,Iowa,IA
2005,96563.6,2964454.0,32574.0,Iowa,IA
2006,102580.1,2982644.0,34392.0,Iowa,IA
2007,109889.6,2999212.0,36640.0,Iowa,IA
2008,116255.8,3016734.0,38537.0,Iowa,IA
2009,112628.0,3032870.0,37136.0,Iowa,IA
2010,116247.4,3050767.0,38104.0,Iowa,IA
2011,125560.5,3066054.0,40952.0,Iowa,IA
2012,131984.2,3076097.0,42906.0,Iowa,IA
2013,134463.5,3093078.0,43472.0,Iowa,IA
2014,139303.4,3109504.0,44799.0,Iowa,IA
2015,144287.8,3121460.0,46224.0,Iowa,IA
2016,145411.3,3131785.0,46431.0,Iowa,IA
2000,76079.4,2693681.0,28244.0,Kansas,KS
2001,78574.4,2702162.0,29078.0,Kansas,KS
2002,79239.8,2713535.0,29202.0,Kansas,KS
2003,81485.8,2723004.0,29925.0,Kansas,KS
2004,83847.1,2734373.0,30664.0,Kansas,KS
2005,88707.3,2745299.0,32312.0,Kansas,KS
2006,97937.9,2762931.0,35447.0,Kansas,KS
2007,105257.1,2783785.0,37811.0,Kansas,KS
2008,114543.3,2808076.0,40791.0,Kansas,KS
2009,110724.2,2832704.0,39088.0,Kansas,KS
2010,113077.3,2858213.0,39562.0,Kansas,KS
2011,122562.0,2869035.0,42719.0,Kansas,KS
2012,130182.0,2885361.0,45118.0,Kansas,KS
2013,132978.6,2893510.0,45958.0,Kansas,KS
2014,135975.8,2900896.0,46874.0,Kansas,KS
2015,137868.3,2909502.0,47386.0,Kansas,KS
2016,138314.6,2911263.0,47510.0,Kansas,KS
2000,100796.5,4049021.0,24894.0,Kentucky,KY
2001,104181.5,4068132.0,25609.0,Kentucky,KY
2002,106570.5,4089875.0,26057.0,Kentucky,KY
2003,109617.3,4117170.0,26624.0,Kentucky,KY
2004,116046.7,4146101.0,27989.0,Kentucky,KY
2005,121757.8,4182742.0,29110.0,Kentucky,KY
2006,128867.4,4219239.0,30543.0,Kentucky,KY
2007,134575.8,4256672.0,31615.0,Kentucky,KY
2008,140523.4,4289878.0,32757.0,Kentucky,KY
2009,138823.4,4317074.0,32157.0,Kentucky,KY
2010,144103.3,4348200.0,33141.0,Kentucky,KY
2011,151299.9,4369488.0,34626.0,Kentucky,KY
2012,156827.6,4386381.0,35753.0,Kentucky,KY
2013,158218.4,4404817.0,35919.0,Kentucky,KY
2014,165914.6,4414483.0,37584.0,Kentucky,KY
2015,173025.6,4425999.0,39093.0,Kentucky,KY
2016,175920.5,4438229.0,39638.0,Kentucky,KY
2000,107072.5,4471885.0,23943.0,Louisiana,LA
2001,114459.0,4477875.0,25561.0,Louisiana,LA
2002,117698.5,4497267.0,26171.0,Louisiana,LA
2003,121132.0,4521042.0,26793.0,Louisiana,LA
2004,126295.6,4552238.0,27744.0,Louisiana,LA
2005,135921.3,4576628.0,29699.0,Louisiana,LA
2006,143643.3,4302665.0,33385.0,Louisiana,LA
2007,157374.3,4375581.0,35966.0,Louisiana,LA
2008,168070.0,4435586.0,37891.0,Louisiana,LA
2009,163751.6,4491648.0,36457.0,Louisiana,LA
2010,171098.2,4544532.0,37649.0,Louisiana,LA
2011,177105.1,4575184.0,38710.0,Louisiana,LA
2012,186589.4,4600814.0,40556.0,Louisiana,LA
2013,189197.1,4624577.0,40911.0,Louisiana,LA
2014,198233.9,4644204.0,42684.0,Louisiana,LA
2015,200748.5,4664851.0,43034.0,Louisiana,LA
2016,199879.2,4678215.0,42726.0,Louisiana,LA
2000,35226.3,1277072.0,27584.0,Maine,ME
2001,37137.5,1285692.0,28885.0,Maine,ME
2002,38414.1,1295960.0,29641.0,Maine,ME
2003,40289.3,1306513.0,30837.0,Maine,ME
2004,42373.9,1313688.0,32256.0,Maine,ME
2005,43448.5,1318787.0,32946.0,Maine,ME
2006,45683.5,1323619.0,34514.0,Maine,ME
2007,47356.7,1327040.0,35686.0,Maine,ME
2008,49300.6,1330509.0,37054.0,Maine,ME
2009,49267.6,1329590.0,37055.0,Maine,ME
2010,50330.5,1327632.0,37910.0,Maine,ME
2011,52424.4,1328150.0,39472.0,Maine,ME
2012,53490.0,1327691.0,40288.0,Maine,ME
2013,53346.4,1328196.0,40165.0,Maine,ME
2014,55650.0,1330760.0,41818.0,Maine,ME
2015,57947.7,1328484.0,43619.0,Maine,ME
2016,59697.1,1331370.0,44839.0,Maine,ME
2000,189505.4,5311034.0,35681.0,Maryland,MD
2001,199706.8,5374691.0,37157.0,Maryland,MD
2002,207659.1,5440389.0,38170.0,Maryland,MD
2003,217235.0,5496269.0,39524.0,Maryland,MD
2004,232208.4,5546935.0,41862.0,Maryland,MD
2005,245174.2,5592379.0,43841.0,Maryland,MD
2006,258473.5,5627367.0,45932.0,Maryland,MD
2007,269020.9,5653408.0,47586.0,Maryland,MD
2008,280998.1,5684965.0,49428.0,Maryland,MD
2009,279384.2,5730388.0,48755.0,Maryland,MD
2010,289469.9,5788642.0,50007.0,Maryland,MD
2011,306179.6,5838991.0,52437.0,Maryland,MD
2012,315230.9,5887072.0,53546.0,Maryland,MD
2013,314266.5,5923704.0,53052.0,Maryland,MD
2014,325835.8,5958165.0,54687.0,Maryland,MD
2015,342074.3,5986717.0,57139.0,Maryland,MD
2016,354450.6,6004692.0,59029.0,Maryland,MD
2000,245253.2,6361104.0,38555.0,Massachusetts,MA
2001,255085.1,6397634.0,39872.0,Massachusetts,MA
2002,254408.8,6417206.0,39645.0,Massachusetts,MA
2003,259978.8,6422565.0,40479.0,Massachusetts,MA
2004,273462.5,6412281.0,42647.0,Massachusetts,MA
2005,285642.5,6403290.0,44609.0,Massachusetts,MA
2006,307519.3,6410084.0,47974.0,Massachusetts,MA
2007,323111.3,6431559.0,50238.0,Massachusetts,MA
2008,335841.4,6468967.0,51916.0,Massachusetts,MA
2009,332020.6,6517613.0,50942.0,Massachusetts,MA
2010,348423.3,6566431.0,53061.0,Massachusetts,MA
2011,365742.7,6613149.0,55305.0,Massachusetts,MA
2012,382009.4,6663158.0,57332.0,Massachusetts,MA
2013,385191.9,6713944.0,57372.0,Massachusetts,MA
2014,405505.9,6763652.0,59954.0,Massachusetts,MA
2015,432102.3,6795891.0,63583.0,Massachusetts,MA
2016,446918.3,6826022.0,65473.0,Massachusetts,MA
2000,302644.2,9952450.0,30409.0,Michigan,MI
2001,307686.9,9991120.0,30796.0,Michigan,MI
2002,307192.5,10015710.0,30671.0,Michigan,MI
2003,314558.6,10041152.0,31327.0,Michigan,MI
2004,323431.8,10055315.0,32165.0,Michigan,MI
2005,330450.5,10051137.0,32877.0,Michigan,MI
2006,338507.7,10036081.0,33729.0,Michigan,MI
2007,347961.9,10001284.0,34792.0,Michigan,MI
2008,355102.7,9946889.0,35700.0,Michigan,MI
2009,336954.5,9901591.0,34030.0,Michigan,MI
2010,349577.7,9877535.0,35391.0,Michigan,MI
2011,370676.1,9881521.0,37512.0,Michigan,MI
2012,386568.4,9896930.0,39059.0,Michigan,MI
2013,390199.8,9913349.0,39361.0,Michigan,MI
2014,408617.6,9930589.0,41147.0,Michigan,MI
2015,432391.5,9932573.0,43533.0,Michigan,MI
2016,446521.1,9951890.0,44868.0,Michigan,MI
2000,160084.3,4933692.0,32447.0,Minnesota,MN
2001,166694.6,4982796.0,33454.0,Minnesota,MN
2002,170300.8,5018935.0,33932.0,Minnesota,MN
2003,178203.4,5053572.0,35263.0,Minnesota,MN
2004,189289.4,5087713.0,37205.0,Minnesota,MN
2005,195112.7,5119598.0,38111.0,Minnesota,MN
2006,205273.8,5163555.0,39754.0,Minnesota,MN
2007,217244.3,5207203.0,41720.0,Minnesota,MN
2008,226166.5,5247018.0,43104.0,Minnesota,MN
2009,216607.4,5281203.0,41015.0,Minnesota,MN
2010,226273.4,5310843.0,42606.0,Minnesota,MN
2011,242440.3,5345668.0,45353.0,Minnesota,MN
2012,257319.7,5376550.0,47860.0,Minnesota,MN
2013,259538.9,5413693.0,47941.0,Minnesota,MN
2014,273960.6,5451522.0,50254.0,Minnesota,MN
2015,286818.7,5482503.0,52315.0,Minnesota,MN
2016,293893.9,5523409.0,53209.0,Minnesota,MN
2000,61638.2,2848353.0,21640.0,Mississippi,MS
2001,64992.9,2852994.0,22781.0,Mississippi,MS
2002,66139.1,2858681.0,23136.0,Mississippi,MS
2003,68806.6,2868312.0,23989.0,Mississippi,MS
2004,72778.6,2889010.0,25192.0,Mississippi,MS
2005,77596.4,2905943.0,26703.0,Mississippi,MS
2006,80873.3,2904978.0,27840.0,Mississippi,MS
2007,85999.5,2928350.0,29368.0,Mississippi,MS
2008,89845.0,2947806.0,30479.0,Mississippi,MS
2009,88333.0,2958774.0,29855.0,Mississippi,MS
2010,91795.4,2970536.0,30902.0,Mississippi,MS
2011,95795.2,2978470.0,32163.0,Mississippi,MS
2012,99386.4,2983767.0,33309.0,Mississippi,MS
2013,101176.7,2988797.0,33852.0,Mississippi,MS
2014,103310.8,2990623.0,34545.0,Mississippi,MS
2015,104670.1,2988693.0,35022.0,Mississippi,MS
2016,106423.5,2988298.0,35613.0,Mississippi,MS
2000,157009.2,5607285.0,28001.0,Missouri,MO
2001,161989.2,5641142.0,28716.0,Missouri,MO
2002,165665.5,5674825.0,29193.0,Missouri,MO
2003,171751.1,5709403.0,30082.0,Missouri,MO
2004,180801.7,5747741.0,31456.0,Missouri,MO
2005,187528.7,5790300.0,32387.0,Missouri,MO
2006,198791.6,5842704.0,34024.0,Missouri,MO
2007,208403.6,5887612.0,35397.0,Missouri,MO
2008,219503.3,5923916.0,37054.0,Missouri,MO
2009,215681.8,5961088.0,36182.0,Missouri,MO
2010,220788.1,5995976.0,36823.0,Missouri,MO
2011,230429.7,6009641.0,38343.0,Missouri,MO
2012,241762.7,6024081.0,40133.0,Missouri,MO
2013,243582.3,6040658.0,40324.0,Missouri,MO
2014,252999.7,6056293.0,41775.0,Missouri,MO
2015,261666.5,6071745.0,43096.0,Missouri,MO
2016,269880.5,6087203.0,44336.0,Missouri,MO
2000,20871.9,903773.0,23094.0,Montana,MT
2001,21753.4,906961.0,23985.0,Montana,MT
2002,22359.9,911667.0,24526.0,Montana,MT
2003,23980.9,919630.0,26077.0,Montana,MT
2004,25967.9,930009.0,27922.0,Montana,MT
2005,28000.6,940102.0,29785.0,Montana,MT
2006,30402.3,952692.0,31912.0,Montana,MT
2007,32716.6,964706.0,33914.0,Montana,MT
2008,34421.4,976415.0,35253.0,Montana,MT
2009,33711.5,983982.0,34260.0,Montana,MT
2010,35561.8,990722.0,35895.0,Montana,MT
2011,38077.7,997221.0,38184.0,Montana,MT
2012,40471.0,1003754.0,40320.0,Montana,MT
2013,40720.8,1013564.0,40176.0,Montana,MT
2014,42817.5,1021891.0,41900.0,Montana,MT
2015,44831.0,1030503.0,43504.0,Montana,MT
2016,45507.9,1040863.0,43721.0,Montana,MT
2000,49735.6,1713820.0,29020.0,Nebraska,NE
2001,51961.9,1719836.0,30213.0,Nebraska,NE
2002,52767.7,1728292.0,30532.0,Nebraska,NE
2003,56024.4,1738643.0,32223.0,Nebraska,NE
2004,58602.4,1749370.0,33499.0,Nebraska,NE
2005,60790.1,1761497.0,34510.0,Nebraska,NE
2006,63584.2,1772693.0,35869.0,Nebraska,NE
2007,68466.1,1783440.0,38390.0,Nebraska,NE
2008,72259.9,1796378.0,40225.0,Nebraska,NE
2009,71173.5,1812683.0,39264.0,Nebraska,NE
2010,74864.2,1829536.0,40920.0,Nebraska,NE
2011,83613.6,1840538.0,45429.0,Nebraska,NE
2012,86293.7,1853323.0,46562.0,Nebraska,NE
2013,86913.9,1865414.0,46592.0,Nebraska,NE
2014,91999.0,1879522.0,48948.0,Nebraska,NE
2015,95687.4,1891507.0,50588.0,Nebraska,NE
2016,94730.8,1905924.0,49703.0,Nebraska,NE
2000,64339.6,2018741.0,31871.0,Nevada,NV
2001,67862.4,2098399.0,32340.0,Nevada,NV
2002,69626.7,2173791.0,32030.0,Nevada,NV
2003,74202.2,2248850.0,32996.0,Nevada,NV
2004,82501.2,2346222.0,35163.0,Nevada,NV
2005,92671.1,2432143.0,38103.0,Nevada,NV
2006,100383.7,2522658.0,39793.0,Nevada,NV
2007,104564.6,2601072.0,40201.0,Nevada,NV
2008,102785.5,2653630.0,38734.0,Nevada,NV
2009,96858.6,2684665.0,36078.0,Nevada,NV
2010,100605.8,2702464.0,37227.0,Nevada,NV
2011,104579.4,2712799.0,38550.0,Nevada,NV
2012,108825.1,2744566.0,39651.0,Nevada,NV
2013,109055.1,2776972.0,39271.0,Nevada,NV
2014,116945.3,2819012.0,41484.0,Nevada,NV
2015,126408.0,2868666.0,44065.0,Nevada,NV
2016,131294.0,2919772.0,44967.0,Nevada,NV
2000,43867.2,1239882.0,35380.0,New Hampshire,NH
2001,46193.6,1255517.0,36792.0,New Hampshire,NH
2002,47054.4,1269089.0,37077.0,New Hampshire,NH
2003,48040.7,1279840.0,37536.0,New Hampshire,NH
2004,50939.8,1290121.0,39484.0,New Hampshire,NH
2005,52878.8,1298492.0,40723.0,New Hampshire,NH
2006,56585.7,1308389.0,43248.0,New Hampshire,NH
2007,58631.3,1312540.0,44670.0,New Hampshire,NH
2008,60129.0,1315906.0,45694.0,New Hampshire,NH
2009,59082.5,1316102.0,44892.0,New Hampshire,NH
2010,61604.6,1316777.0,46784.0,New Hampshire,NH
2011,64589.7,1319815.0,48938.0,New Hampshire,NH
2012,67528.8,1323962.0,51005.0,New Hampshire,NH
2013,67320.4,1326408.0,50754.0,New Hampshire,NH
2014,70225.2,1333223.0,52673.0,New Hampshire,NH
2015,73212.4,1336294.0,54788.0,New Hampshire,NH
2016,75816.7,1342373.0,56480.0,New Hampshire,NH
2000,330957.2,8430621.0,39257.0,New Jersey,NJ
2001,342304.1,8492671.0,40306.0,New Jersey,NJ
2002,347456.8,8552643.0,40626.0,New Jersey,NJ
2003,356314.9,8601402.0,41425.0,New Jersey,NJ
2004,373078.6,8634561.0,43208.0,New Jersey,NJ
2005,387392.7,8651974.0,44775.0,New Jersey,NJ
2006,415890.9,8661679.0,48015.0,New Jersey,NJ
2007,440165.6,8677885.0,50723.0,New Jersey,NJ
2008,453018.9,8711090.0,52005.0,New Jersey,NJ
2009,439087.9,8755602.0,50149.0,New Jersey,NJ
2010,452466.4,8799624.0,51419.0,New Jersey,NJ
2011,474015.5,8827783.0,53696.0,New Jersey,NJ
2012,491662.0,8845483.0,55583.0,New Jersey,NJ
2013,496465.0,8858362.0,56045.0,New Jersey,NJ
2014,520079.4,8866780.0,58655.0,New Jersey,NJ
2015,542097.3,8870869.0,61110.0,New Jersey,NJ
2016,556439.9,8874516.0,62701.0,New Jersey,NJ
2000,42319.5,1821204.0,23237.0,New Mexico,NM
2001,45312.3,1831690.0,24738.0,New Mexico,NM
2002,47090.0,1855309.0,25381.0,New Mexico,NM
2003,49197.2,1877574.0,26203.0,New Mexico,NM
2004,52264.4,1903808.0,27453.0,New Mexico,NM
2005,55838.3,1932274.0,28898.0,New Mexico,NM
2006,59946.3,1962137.0,30552.0,New Mexico,NM
2007,63418.4,1990070.0,31867.0,New Mexico,NM
2008,67242.1,2010662.0,33443.0,New Mexico,NM
2009,66661.8,2036802.0,32729.0,New Mexico,NM
2010,69250.2,2064588.0,33542.0,New Mexico,NM
2011,72820.3,2080395.0,35003.0,New Mexico,NM
2012,74578.4,2087549.0,35725.0,New Mexico,NM
2013,73412.3,2092792.0,35079.0,New Mexico,NM
2014,77722.3,2090342.0,37182.0,New Mexico,NM
2015,79973.4,2090211.0,38261.0,New Mexico,NM
2016,81252.4,2092789.0,38825.0,New Mexico,NM
2000,684590.1,19001780.0,36028.0,New York,NY
2001,709767.3,19082838.0,37194.0,New York,NY
2002,708251.7,19137800.0,37008.0,New York,NY
2003,718318.7,19175939.0,37459.0,New York,NY
2004,751244.8,19171567.0,39185.0,New York,NY
2005,782613.0,19132610.0,40905.0,New York,NY
2006,844018.8,19104631.0,44179.0,New York,NY
2007,909175.2,19132335.0,47520.0,New York,NY
2008,928501.9,19212436.0,48328.0,New York,NY
2009,912779.0,19307066.0,47277.0,New York,NY
2010,950069.1,19400080.0,48972.0,New York,NY
2011,1004130.3,19498514.0,51498.0,New York,NY
2012,1056671.2,19574549.0,53982.0,New York,NY
2013,1069556.5,19628043.0,54491.0,New York,NY
2014,1115352.2,19656330.0,56743.0,New York,NY
2015,1162801.4,19661411.0,59141.0,New York,NY
2016,1202568.5,19641589.0,61226.0,New York,NY
2000,222564.9,8081614.0,27540.0,North Carolina,NC
2001,228880.0,8210122.0,27878.0,North Carolina,NC
2002,232267.3,8326201.0,27896.0,North Carolina,NC
2003,241625.8,8422501.0,28688.0,North Carolina,NC
2004,261640.2,8553152.0,30590.0,North Carolina,NC
2005,281033.8,8705407.0,32283.0,North Carolina,NC
2006,306078.0,8917270.0,34324.0,North Carolina,NC
2007,329509.4,9118037.0,36138.0,North Carolina,NC
2008,350848.3,9309449.0,37687.0,North Carolina,NC
2009,338315.7,9449566.0,35802.0,North Carolina,NC
2010,341627.6,9574293.0,35682.0,North Carolina,NC
2011,355052.3,9656754.0,36767.0,North Carolina,NC
2012,379925.3,9749123.0,38970.0,North Carolina,NC
2013,376023.9,9843599.0,38200.0,North Carolina,NC
2014,397995.9,9933944.0,40064.0,North Carolina,NC
2015,419891.5,10033079.0,41851.0,North Carolina,NC
2016,433195.6,10156679.0,42651.0,North Carolina,NC
2000,16663.9,642023.0,25955.0,North Dakota,ND
2001,16963.5,639062.0,26544.0,North Dakota,ND
2002,17347.8,638168.0,27184.0,North Dakota,ND
2003,18863.8,638817.0,29529.0,North Dakota,ND
2004,19234.4,644705.0,29834.0,North Dakota,ND
2005,20381.7,646089.0,31546.0,North Dakota,ND
2006,21361.4,649422.0,32893.0,North Dakota,ND
2007,23686.5,652822.0,36283.0,North Dakota,ND
2008,26555.2,657569.0,40384.0,North Dakota,ND
2009,26361.3,664968.0,39643.0,North Dakota,ND
2010,29344.6,674710.0,43492.0,North Dakota,ND
2011,32882.2,685136.0,47994.0,North Dakota,ND
2012,38859.8,701116.0,55426.0,North Dakota,ND
2013,38860.6,721999.0,53824.0,North Dakota,ND
2014,41526.2,737382.0,56316.0,North Dakota,ND
2015,40600.6,754022.0,53845.0,North Dakota,ND
2016,39622.2,754353.0,52525.0,North Dakota,ND
2000,325803.0,11363543.0,28671.0,Ohio,OH
2001,334533.6,11387404.0,29378.0,Ohio,OH
2002,339645.3,11407889.0,29773.0,Ohio,OH
2003,349608.9,11434788.0,30574.0,Ohio,OH
2004,362916.3,11452251.0,31690.0,Ohio,OH
2005,373440.5,11463320.0,32577.0,Ohio,OH
2006,392156.6,11481213.0,34156.0,Ohio,OH
2007,408493.7,11500468.0,35520.0,Ohio,OH
2008,421412.1,11515391.0,36596.0,Ohio,OH
2009,409648.0,11528896.0,35532.0,Ohio,OH
2010,422046.2,11539327.0,36575.0,Ohio,OH
2011,451011.1,11543463.0,39071.0,Ohio,OH
2012,469260.8,11548369.0,40634.0,Ohio,OH
2013,475776.3,11576576.0,41098.0,Ohio,OH
2014,496069.3,11602973.0,42754.0,Ohio,OH
2015,515138.5,11617850.0,44340.0,Ohio,OH
2016,524043.7,11635003.0,45040.0,Ohio,OH
2000,83238.0,3454365.0,24096.0,Oklahoma,OK
2001,88286.9,3467100.0,25464.0,Oklahoma,OK
2002,90204.4,3489080.0,25853.0,Oklahoma,OK
2003,94319.8,3504892.0,26911.0,Oklahoma,OK
2004,101746.7,3525233.0,28862.0,Oklahoma,OK
2005,111113.4,3548597.0,31312.0,Oklahoma,OK
2006,123473.5,3594090.0,34355.0,Oklahoma,OK
2007,127864.1,3634349.0,35182.0,Oklahoma,OK
2008,141505.9,3668976.0,38568.0,Oklahoma,OK
2009,131371.0,3717572.0,35338.0,Oklahoma,OK
2010,137392.8,3759632.0,36544.0,Oklahoma,OK
2011,147889.5,3787821.0,39043.0,Oklahoma,OK
2012,158353.9,3818600.0,41469.0,Oklahoma,OK
2013,166063.3,3853205.0,43097.0,Oklahoma,OK
2014,176621.9,3878367.0,45540.0,Oklahoma,OK
2015,172992.1,3909831.0,44245.0,Oklahoma,OK
2016,164419.0,3926769.0,41871.0,Oklahoma,OK
2000,97954.6,3429708.0,28561.0,Oregon,OR
2001,100698.4,3467937.0,29037.0,Oregon,OR
2002,101954.3,3513424.0,29019.0,Oregon,OR
2003,105567.7,3547376.0,29759.0,Oregon,OR
2004,111503.1,3569463.0,31238.0,Oregon,OR
2005,117413.6,3613202.0,32496.0,Oregon,OR
2006,128145.4,3670883.0,34909.0,Oregon,OR
2007,134019.6,3722417.0,36003.0,Oregon,OR
2008,139695.9,3768748.0,37067.0,Oregon,OR
2009,135132.2,3808600.0,35481.0,Oregon,OR
2010,138618.0,3837532.0,36122.0,Oregon,OR
2011,146432.2,3871728.0,37821.0,Oregon,OR
2012,154408.5,3899118.0,39601.0,Oregon,OR
2013,156977.1,3922908.0,40015.0,Oregon,OR
2014,168408.8,3964106.0,42483.0,Oregon,OR
2015,181491.7,4016918.0,45182.0,Oregon,OR
2016,190241.0,4091404.0,46498.0,Oregon,OR
2000,373357.1,12284173.0,30393.0,Pennsylvania,PA
2001,388047.1,12298970.0,31551.0,Pennsylvania,PA
2002,395409.4,12331031.0,32066.0,Pennsylvania,PA
2003,408889.7,12374658.0,33043.0,Pennsylvania,PA
2004,432741.6,12410722.0,34868.0,Pennsylvania,PA
2005,451950.4,12449990.0,36301.0,Pennsylvania,PA
2006,475815.3,12510809.0,38032.0,Pennsylvania,PA
2007,505303.6,12563937.0,40219.0,Pennsylvania,PA
2008,523556.7,12612285.0,41512.0,Pennsylvania,PA
2009,511617.9,12666858.0,40390.0,Pennsylvania,PA
2010,534469.9,12711158.0,42047.0,Pennsylvania,PA
2011,563434.9,12744583.0,44210.0,Pennsylvania,PA
2012,587521.9,12766827.0,46019.0,Pennsylvania,PA
2013,592973.4,12776621.0,46411.0,Pennsylvania,PA
2014,619388.0,12789101.0,48431.0,Pennsylvania,PA
2015,644119.5,12785759.0,50378.0,Pennsylvania,PA
2016,659803.4,12783538.0,51614.0,Pennsylvania,PA
2000,32048.9,1050268.0,30515.0,Rhode Island,RI
2001,33733.6,1057142.0,31910.0,Rhode Island,RI
2002,35133.4,1065995.0,32958.0,Rhode Island,RI
2003,36974.0,1071342.0,34512.0,Rhode Island,RI
2004,38907.8,1074579.0,36207.0,Rhode Island,RI
2005,39747.5,1067916.0,37220.0,Rhode Island,RI
2006,41711.7,1063096.0,39236.0,Rhode Island,RI
2007,43394.6,1057315.0,41042.0,Rhode Island,RI
2008,44051.5,1055003.0,41755.0,Rhode Island,RI
2009,42952.6,1053646.0,40766.0,Rhode Island,RI
2010,45261.0,1053938.0,42945.0,Rhode Island,RI
2011,47067.0,1053536.0,44675.0,Rhode Island,RI
2012,48810.3,1054601.0,46283.0,Rhode Island,RI
2013,48772.7,1055122.0,46225.0,Rhode Island,RI
2014,50863.5,1056017.0,48165.0,Rhode Island,RI
2015,52865.0,1056173.0,50053.0,Rhode Island,RI
2016,53425.5,1057063.0,50541.0,Rhode Island,RI
2000,101217.4,4024223.0,25152.0,South Carolina,SC
2001,104660.8,4064995.0,25747.0,South Carolina,SC
2002,107536.4,4107795.0,26179.0,South Carolina,SC
2003,111169.9,4150297.0,26786.0,South Carolina,SC
2004,117509.6,4210921.0,27906.0,South Carolina,SC
2005,124566.6,4270150.0,29171.0,South Carolina,SC
2006,134622.6,4357847.0,30892.0,South Carolina,SC
2007,143383.7,4444110.0,32264.0,South Carolina,SC
2008,149285.9,4528996.0,32962.0,South Carolina,SC
2009,145622.1,4589872.0,31727.0,South Carolina,SC
2010,150462.9,4635656.0,32458.0,South Carolina,SC
2011,159187.4,4671422.0,34077.0,South Carolina,SC
2012,167797.5,4717112.0,35572.0,South Carolina,SC
2013,170227.2,4764153.0,35731.0,South Carolina,SC
2014,181483.0,4823793.0,37622.0,South Carolina,SC
2015,193225.8,4892253.0,39496.0,South Carolina,SC
2016,200333.3,4958235.0,40404.0,South Carolina,SC
2000,20280.9,755844.0,26832.0,South Dakota,SD
2001,20948.1,757972.0,27637.0,South Dakota,SD
2002,20939.8,760020.0,27552.0,South Dakota,SD
2003,22890.6,763729.0,29972.0,South Dakota,SD
2004,24579.0,770396.0,31904.0,South Dakota,SD
2005,26112.5,775493.0,33672.0,South Dakota,SD
2006,27544.6,783033.0,35177.0,South Dakota,SD
2007,30604.7,791623.0,38661.0,South Dakota,SD
2008,32691.3,799124.0,40909.0,South Dakota,SD
2009,31794.6,807067.0,39395.0,South Dakota,SD
2010,33596.2,816165.0,41163.0,South Dakota,SD
2011,36741.9,823484.0,44618.0,South Dakota,SD
2012,37659.4,833496.0,45183.0,South Dakota,SD
2013,38108.6,842270.0,45245.0,South Dakota,SD
2014,39872.2,849088.0,46959.0,South Dakota,SD
2015,41547.9,853933.0,48655.0,South Dakota,SD
2016,41959.9,862890.0,48627.0,South Dakota,SD
2000,154419.5,5703719.0,27073.0,Tennessee,TN
2001,158356.8,5750789.0,27537.0,Tennessee,TN
2002,162839.3,5795918.0,28096.0,Tennessee,TN
2003,169454.8,5847812.0,28977.0,Tennessee,TN
2004,179482.4,5910809.0,30365.0,Tennessee,TN
2005,187942.3,5991057.0,31370.0,Tennessee,TN
2006,200305.1,6088766.0,32897.0,Tennessee,TN
2007,209963.6,6175727.0,33998.0,Tennessee,TN
2008,217598.6,6247411.0,34830.0,Tennessee,TN
2009,216041.8,6306019.0,34260.0,Tennessee,TN
2010,226586.6,6355301.0,35653.0,Tennessee,TN
2011,240717.7,6397410.0,37627.0,Tennessee,TN
2012,253613.1,6451281.0,39312.0,Tennessee,TN
2013,256016.0,6493432.0,39427.0,Tennessee,TN
2014,266873.4,6540826.0,40801.0,Tennessee,TN
2015,280719.5,6590808.0,42593.0,Tennessee,TN
2016,290560.4,6645011.0,43726.0,Tennessee,TN
2000,589275.4,20944499.0,28135.0,Texas,TX
2001,625492.9,21319622.0,29339.0,Texas,TX
2002,633035.7,21690325.0,29185.0,Texas,TX
2003,655908.0,22030931.0,29772.0,Texas,TX
2004,687220.2,22394023.0,30688.0,Texas,TX
2005,745858.7,22778123.0,32745.0,Texas,TX
2006,820949.9,23359580.0,35144.0,Texas,TX
2007,873354.0,23831983.0,36646.0,Texas,TX
2008,954649.8,24309039.0,39271.0,Texas,TX
2009,910498.6,24801761.0,36711.0,Texas,TX
2010,966149.7,25242679.0,38274.0,Texas,TX
2011,1057757.5,25646227.0,41244.0,Texas,TX
2012,1132222.1,26089620.0,43397.0,Texas,TX
2013,1159745.6,26489464.0,43781.0,Texas,TX
2014,1248733.0,26977142.0,46289.0,Texas,TX
2015,1280251.0,27486814.0,46577.0,Texas,TX
2016,1274394.9,27937492.0,45616.0,Texas,TX
2000,54465.5,2244502.0,24266.0,Utah,UT
2001,56933.2,2283715.0,24930.0,Utah,UT
2002,58604.8,2324815.0,25208.0,Utah,UT
2003,60748.7,2360137.0,25739.0,Utah,UT
2004,64803.4,2401580.0,26984.0,Utah,UT
2005,70861.6,2457719.0,28832.0,Utah,UT
2006,79063.0,2525507.0,31306.0,Utah,UT
2007,86046.0,2597746.0,33123.0,Utah,UT
2008,90161.8,2663029.0,33857.0,Utah,UT
2009,86695.6,2723421.0,31833.0,Utah,UT
2010,89242.4,2775334.0,32156.0,Utah,UT
2011,96245.3,2814216.0,34200.0,Utah,UT
2012,103120.6,2853467.0,36139.0,Utah,UT
2013,106427.2,2897927.0,36725.0,Utah,UT
2014,113140.9,2937399.0,38517.0,Utah,UT
2015,121884.9,2982497.0,40867.0,Utah,UT
2016,128929.4,3042613.0,42375.0,Utah,UT
2000,17745.6,609618.0,29109.0,Vermont,VT
2001,18821.9,612223.0,30744.0,Vermont,VT
2002,19226.8,615442.0,31241.0,Vermont,VT
2003,19983.7,617858.0,32344.0,Vermont,VT
2004,21147.3,619920.0,34113.0,Vermont,VT
2005,21726.8,621215.0,34975.0,Vermont,VT
2006,23108.8,622892.0,37099.0,Vermont,VT
2007,24319.7,623481.0,39006.0,Vermont,VT
2008,25530.4,624151.0,40904.0,Vermont,VT
2009,25164.3,624817.0,40275.0,Vermont,VT
2010,25939.1,625880.0,41444.0,Vermont,VT
2011,27455.2,626979.0,43790.0,Vermont,VT
2012,28395.7,626063.0,45356.0,Vermont,VT
2013,28768.7,626212.0,45941.0,Vermont,VT
2014,29886.7,625218.0,47802.0,Vermont,VT
2015,30998.7,625197.0,49582.0,Vermont,VT
2016,31678.5,623644.0,50796.0,Vermont,VT
2000,232313.7,7105817.0,32693.0,Virginia,VA
2001,244410.7,7198362.0,33954.0,Virginia,VA
2002,251068.3,7286873.0,34455.0,Virginia,VA
2003,266236.5,7366977.0,36139.0,Virginia,VA
2004,285300.6,7475575.0,38164.0,Virginia,VA
2005,305046.9,7577105.0,40259.0,Virginia,VA
2006,326087.1,7673725.0,42494.0,Virginia,VA
2007,343153.1,7751000.0,44272.0,Virginia,VA
2008,355931.4,7833496.0,45437.0,Virginia,VA
2009,349712.1,7925937.0,44122.0,Virginia,VA
2010,365041.4,8023680.0,45496.0,Virginia,VA
2011,387003.9,8100469.0,47775.0,Virginia,VA
2012,405863.9,8185229.0,49585.0,Virginia,VA
2013,403199.1,8253053.0,48855.0,Virginia,VA
2014,421874.5,8312076.0,50754.0,Virginia,VA
2015,442331.4,8362907.0,52892.0,Virginia,VA
2016,450870.2,8410946.0,53605.0,Virginia,VA
2000,40353.0,1807021.0,22331.0,West Virginia,WV
2001,42783.8,1801481.0,23749.0,West Virginia,WV
2002,44239.1,1805414.0,24504.0,West Virginia,WV
2003,44869.8,1812295.0,24759.0,West Virginia,WV
2004,46477.0,1816438.0,25587.0,West Virginia,WV
2005,48861.0,1820492.0,26839.0,West Virginia,WV
2006,52193.7,1827912.0,28554.0,West Virginia,WV
2007,54128.8,1834052.0,29513.0,West Virginia,WV
2008,57523.7,1840310.0,31258.0,West Virginia,WV
2009,57948.9,1847775.0,31361.0,West Virginia,WV
2010,59927.7,1854214.0,32320.0,West Virginia,WV
2011,63349.2,1856074.0,34131.0,West Virginia,WV
2012,65206.2,1856764.0,35118.0,West Virginia,WV
2013,64785.0,1853873.0,34946.0,West Virginia,WV
2014,66863.5,1849467.0,36153.0,West Virginia,WV
2015,67997.3,1841996.0,36915.0,West Virginia,WV
2016,67617.9,1830929.0,36931.0,West Virginia,WV
2000,159326.0,5373999.0,29648.0,Wisconsin,WI
2001,167133.3,5406835.0,30911.0,Wisconsin,WI
2002,171578.1,5445162.0,31510.0,Wisconsin,WI
2003,176274.5,5479203.0,32172.0,Wisconsin,WI
2004,184282.8,5514026.0,33421.0,Wisconsin,WI
2005,190975.8,5546166.0,34434.0,Wisconsin,WI
2006,202649.3,5577655.0,36332.0,Wisconsin,WI
2007,211964.9,5610775.0,37778.0,Wisconsin,WI
2008,219492.8,5640996.0,38910.0,Wisconsin,WI
2009,215830.8,5669264.0,38070.0,Wisconsin,WI
2010,221909.7,5690479.0,38997.0,Wisconsin,WI
2011,234910.0,5704755.0,41178.0,Wisconsin,WI
2012,246150.8,5719855.0,43034.0,Wisconsin,WI
2013,247744.9,5736952.0,43184.0,Wisconsin,WI
2014,258489.4,5751974.0,44939.0,Wisconsin,WI
2015,268947.7,5761406.0,46681.0,Wisconsin,WI
2016,274504.7,5772958.0,47550.0,Wisconsin,WI
2000,14591.3,494300.0,29519.0,Wyoming,WY
2001,15414.2,494657.0,31161.0,Wyoming,WY
2002,15773.7,500017.0,31546.0,Wyoming,WY
2003,16712.0,503453.0,33195.0,Wyoming,WY
2004,17879.7,509106.0,35120.0,Wyoming,WY
2005,19661.1,514157.0,38240.0,Wyoming,WY
2006,22771.0,522667.0,43567.0,Wyoming,WY
2007,24263.4,534876.0,45363.0,Wyoming,WY
2008,26533.7,546043.0,48593.0,Wyoming,WY
2009,24486.7,559851.0,43738.0,Wyoming,WY
2010,25804.9,564483.0,45714.0,Wyoming,WY
2011,28356.6,567224.0,49992.0,Wyoming,WY
2012,30846.1,576270.0,53527.0,Wyoming,WY
2013,30789.6,582123.0,52892.0,Wyoming,WY
2014,33035.3,582548.0,56708.0,Wyoming,WY
2015,33442.4,585668.0,57101.0,Wyoming,WY
2016,31908.0,584290.0,54610.0,Wyoming,WY
